<playlist version="1" xmlns="http://xspf.org/ns/0/">
	<trackList>

		<track>
			<title>Danza hungara no.5</title>
			<creator>Brahms</creator>
			<location>audios/danzahungara.mp3</location>
			<image>images/brahms_large.jpg</image>
		</track>

		<track>
			<title>Rondo a la turca</title>
			<creator>Mozart</creator>
			<location>audios/rondoturca.mp3</location>
			<image>images/mozart_large.jpg</image>
		</track>
		
		<track>
			<title>Vals de las flores (Cascanueces)</title>
			<creator>Tchaikovsky</creator>
			<location>audios/valsflores.mp3</location>
			<image>images/tchaikovsky_large.jpg</image>
		</track>
		
		<track>
			<title>Coro de esclavos (Nabucco)</title>
			<creator>Verdi</creator>
			<location>audios/nabucco.mp3</location>
			<image>images/verdi_large.jpg</image>
		</track>
		
		<track>
			<title>Para Elisa</title>
			<creator>Beethoven</creator>
			<location>audios/paraelisa.mp3</location>
			<image>images/beethoven_large.jpg</image>
		</track>
		
	</trackList>
</playlist>